0,"jsmith","jsmith"
0,"coolprof","coolprof"
0,"radams","radams"
0,"tcoulombe","tcoulombe"
0,"tstruzyk","tstruzyk"
0,"ppinney","ppinney"
0,"tbuckwich","tbuckwich"
0,"kpaudel","kpaudel"
0,"wvayda","wvayda"
0,"semerling","semerling"
0,"nitomar","nitomar"
0,"rtiwari","rtiwari"
0,"nnagaraja","nnagaraja"
0,"avijay","avijay"
0,"ncage","ncage"
0,"bseger","bseger"
0,"asharma","asharma"
0,"lzeppelin","lzeppelin"
0,"reggold","reggold"
0,"mboone","mboone"
